{
    "rmse": 12.930619558270303,
    "mae": 10.772579150112945,
    "training_time": 0.0,
    "nombre_utilisateurs": 13373,
    "nombre_films": 385,
    "score_pertinence_moyen": 48.49601336327678
}