{
    "rmse": 12.930242893864023,
    "mae": 10.76613640163919,
    "training_time": 0.0,
    "nombre_utilisateurs": 13373,
    "nombre_films": 385,
    "score_pertinence_moyen": 48.49601336327678
}