{
    "rmse": 12.901037342469271,
    "mae": 10.757138765700667,
    "training_time": 8.418766,
    "nombre_utilisateurs": 13373,
    "nombre_films": 385,
    "score_pertinence_moyen": 48.49601336327678
}